run_id,prompt_id,timestamp,output_text,embedding,entropy,kl_divergence,memory_usage_mb,sprint,canonical_run_id,rf_score,elim_rate
MUTATION_RF_PROOF,global,1767691355.6643093,RF: 0.0%,,0.0,8.393630981445312,11781.048828125,Sprint-1,MUTATION_RF_PROOF,0.0,
RLAE_RF_PROOF,global,1767691408.217228,RF: 100.0%,,0.0,0.0,11781.048828125,Sprint-1,RLAE_RF_PROOF,100.0,
SEC1_MUTATION_SCAR_INTENSITY_0.001,global,1768326498.4285443,RF: 0.00%,,0.0,0.33865836784243586,11787.15771484375,Sprint-5,MUTATION_RF_PROOF,0.0,0.001
SEC1_MUTATION_SCAR_INTENSITY_0.01,global,1768326537.7354822,RF: 0.00%,,0.0,10.42998914718628,11787.15771484375,Sprint-5,MUTATION_RF_PROOF,0.0,0.01
SEC1_MUTATION_SCAR_INTENSITY_0.05,global,1768326577.0667386,RF: 0.00%,,0.0,18.574486541748048,11787.15771484375,Sprint-5,MUTATION_RF_PROOF,0.0,0.05
