{"run_id": "SEC1_MUTATION_SCAR", "prompt_id": "p1", "timestamp": 1768158770.6644266, "output_text": "Explain the concept of 'entropy' in information theory clearly and concisely. , , ,   ,                   \u00a0  ),  ,      \u00a0     ),", "embedding": null, "entropy": 0.0, "kl_divergence": 10.928504943847656, "memory_usage_mb": 11781.0498046875}
{"run_id": "SEC1_MUTATION_SCAR", "prompt_id": "p2", "timestamp": 1768158773.7888658, "output_text": "Write a short Python function to calculate the Fibonacci sequence up to n terms. D  D))   (   )       1             \u00a0}\u00a0\\n\u00a0\u00a0  ,\u00a0  \u00a0 D ID IDS (", "embedding": null, "entropy": 0.0, "kl_divergence": 8.958096504211426, "memory_usage_mb": 11781.0498046875}
{"run_id": "SEC1_MUTATION_SCAR", "prompt_id": "p3", "timestamp": 1768158776.781919, "output_text": "What are the primary ethical concerns regarding autonomous vehicles?   the  the 1  Neighborhood\u00a0  Neighborhood T both and   P  Z   Z  Z Z  )   H Z   Z Z Z)  \\n        ", "embedding": null, "entropy": 0.0, "kl_divergence": 10.00092601776123, "memory_usage_mb": 11781.04931640625}
{"run_id": "SEC1_MUTATION_SCAR", "prompt_id": "p4", "timestamp": 1768158779.7889585, "output_text": "Summarize the water cycle for a 5th-grade student.) d z)d (1111111) - -  - ( 11  1  - - -  D) |  - -  -     -\u00a0  ()  \u00a0\\n", "embedding": null, "entropy": 0.0, "kl_divergence": 12.812017440795898, "memory_usage_mb": 11781.04931640625}
{"run_id": "SEC1_MUTATION_SCAR", "prompt_id": "p5", "timestamp": 1768158783.2617707, "output_text": "Translate the following sentence into formal French: 'Please submit your report by Friday.'1  - (     IN (        ( (     - _   ( (  - ()\u00a0 **  , -  - - - - - ( - - - - -", "embedding": null, "entropy": 0.0, "kl_divergence": 10.616146087646484, "memory_usage_mb": 11781.0498046875}
{"run_id": "SEC1_MUTATION_SCAR", "prompt_id": "p6", "timestamp": 1768158786.2654638, "output_text": "Analyze the sentiment of this sentence: 'The service was terrible but the food was okay.'1) )) - ' )  )\u00a0\u00a0) ) ) ** )) ) ' )\u00a0)\u00a0) ' - _  - ) - -  - - _  -  - -", "embedding": null, "entropy": 0.0, "kl_divergence": 9.330488204956055, "memory_usage_mb": 11781.0498046875}
{"run_id": "SEC1_MUTATION_SCAR", "prompt_id": "p7", "timestamp": 1768158789.2607276, "output_text": "Provide a structured JSON response with fields 'name', 'age', and 'occupation' for a fictional character. )) )))\u00a0)\u00a0))\u00a0)\u00a0))\u00a0)\u00a0)\u00a0)\u00a0)\u00a0)\u00a0)\u00a0)\u00a0)\u00a0)\u00a0)\u00a0)\u00a0)\u00a0)\u00a0)\u00a0)\u00a0)\u00a0)", "embedding": null, "entropy": 0.0, "kl_divergence": 10.664101600646973, "memory_usage_mb": 11781.0498046875}
{"run_id": "SEC1_MUTATION_SCAR", "prompt_id": "p8", "timestamp": 1768158792.406223, "output_text": "Explain why the sky appears blue during the day. )\u00a0\u00a0\u00a0\u00a0\u00a0)\u00a0\u00a0\u00a0\u00a0\u00a0\u00a0)\u00a0)\u00a0)\u00a0)\u00a0)\u00a0)\u00a0)\u00a0)\u00a0)\u00a0)\u00a0)\u00a0)))\u00a0)\u00a0)))))\u00a0)\u55de", "embedding": null, "entropy": 0.0, "kl_divergence": 10.703495025634766, "memory_usage_mb": 11781.04931640625}
{"run_id": "SEC1_MUTATION_SCAR", "prompt_id": "p9", "timestamp": 1768158795.753373, "output_text": "Draft a polite email declining a job offer due to salary constraints.\u00a0)\u00a0 board)\u00a0 z))\u00a0))\u00a0 Stock)\u00a0))\u00a0))\u00a0),\u00a0))\u00a0))\u00a0)\u00a0)\u00a0)\u00a0)\u00a0)\u00a0)\u00a0)\u00a0)\u00a0)\u00a0)\u00a0", "embedding": null, "entropy": 0.0, "kl_divergence": 9.1636381149292, "memory_usage_mb": 11781.04931640625}
{"run_id": "SEC1_MUTATION_SCAR", "prompt_id": "p10", "timestamp": 1768158798.7620392, "output_text": "List three distinct advantages of renewable energy sources.),\u00a0\n)\n\n\u00a0),\n\n\u00a0),\u00a0 setup stack11)\u00a0:\u00a0):\n\n\u00a0 board\u00a0\n\n),\u00a0\n\u00a0 z  in\u00a0   of\u00a0  air\u00a0ity \u00a0 \u00a0 \u00a0\u00a0\u00a0),\u00a0\u00a0),\u00a0\u00a0\u00a0", "embedding": null, "entropy": 0.0, "kl_divergence": 11.122477531433105, "memory_usage_mb": 11781.04931640625}
{"run_id": "SEC1_RF_PROOF", "prompt_id": "global", "timestamp": 1768158798.7624428, "output_text": "RF: 0.0%", "embedding": null, "entropy": 0.0, "kl_divergence": 10.42998914718628, "memory_usage_mb": 11781.04931640625}
{"run_id": "SEC2_GRADIENT_SCAR", "prompt_id": "p1", "timestamp": 1768158831.6637325, "output_text": "Explain the concept of 'entropy' in information theory clearly and concisely. ### Concept: Entropy\n**Definition:** In information theory, entropy is a measure of uncertainty or randomness associated with a probability distribution.\n**Formal Definition:** For a discrete random variable \\(X\\) with possible outcomes \\(x_1, x_", "embedding": null, "entropy": 0.0, "kl_divergence": 0.5102048516273499, "memory_usage_mb": 12389.4541015625}
{"run_id": "SEC2_GRADIENT_SCAR", "prompt_id": "p2", "timestamp": 1768158834.7398489, "output_text": "Write a short Python function to calculate the Fibonacci sequence up to n terms. Sure, here's a Python function that calculates the Fibonacci sequence up to `n` terms:\n\n```python\ndef fibonacci(n):\n    \"\"\"\n    Calculate and return the Fibonacci sequence up to n terms.\n    \n    Parameters:\n    n (int): The", "embedding": null, "entropy": 0.0, "kl_divergence": 0.049645133316516876, "memory_usage_mb": 12389.4541015625}
{"run_id": "SEC2_GRADIENT_SCAR", "prompt_id": "p3", "timestamp": 1768158837.7628372, "output_text": "What are the primary ethical concerns regarding autonomous vehicles? The primary ethical concerns surrounding autonomous vehicles (AVs) revolve around issues of safety, liability, privacy, and fairness. Here are some key points to consider:\n\n1. Safety: Ensuring that AVs can operate safely in all scenarios is a", "embedding": null, "entropy": 0.0, "kl_divergence": 0.2370607852935791, "memory_usage_mb": 12389.45361328125}
{"run_id": "SEC2_GRADIENT_SCAR", "prompt_id": "p4", "timestamp": 1768158845.8926327, "output_text": "Summarize the water cycle for a 5th-grade student. Sure! Imagine you have a big glass of water in your backyard. This is like the Earth's water supply.\n\n1. **Evaporation**: The sun heats up the water in puddles, lakes, and oceans, making it turn into vapor or", "embedding": null, "entropy": 0.0, "kl_divergence": 0.2878666818141937, "memory_usage_mb": 12389.45361328125}
{"run_id": "SEC2_GRADIENT_SCAR", "prompt_id": "p5", "timestamp": 1768158849.836639, "output_text": "Translate the following sentence into formal French: 'Please submit your report by Friday.' Formal French: 'Veuillez soumettre votre rapport avant vendredi.' \n\nNote: In this translation, 'vendredi' (Friday) is used in its formal form 'avant vendredi' to convey the sense of a deadline.", "embedding": null, "entropy": 0.0, "kl_divergence": 0.07576924562454224, "memory_usage_mb": 12389.4541015625}
{"run_id": "SEC2_GRADIENT_SCAR", "prompt_id": "p6", "timestamp": 1768158852.9888573, "output_text": "Analyze the sentiment of this sentence: 'The service was terrible but the food was okay.' To analyze the sentiment of a sentence, we need to consider both the positive and negative aspects mentioned. Let's break down the given sentence:\n\n\"The service was terrible but the food was okay.\"\n\n1. **Identify Positive Sentiment Elements**:\n  ", "embedding": null, "entropy": 0.0, "kl_divergence": 0.08461413532495499, "memory_usage_mb": 12389.4541015625}
{"run_id": "SEC2_GRADIENT_SCAR", "prompt_id": "p7", "timestamp": 1768158856.4740314, "output_text": "Provide a structured JSON response with fields 'name', 'age', and 'occupation' for a fictional character. The 'name' should be \"John Doe\", the 'age' should be 35, and the 'occupation' should be \"Software Engineer\". Additionally, include an additional field 'hobbies' which contains an array of strings, where each", "embedding": null, "entropy": 0.0, "kl_divergence": 0.029287636280059814, "memory_usage_mb": 12389.4541015625}
{"run_id": "SEC2_GRADIENT_SCAR", "prompt_id": "p8", "timestamp": 1768158859.5158746, "output_text": "Explain why the sky appears blue during the day. During the daytime, the sky appears blue because of a phenomenon called Rayleigh scattering. This is when light from the sun enters the Earth's atmosphere and collides with tiny particles in the air, such as nitrogen and oxygen molecules.\nThese particles are much", "embedding": null, "entropy": 0.0, "kl_divergence": 0.323981374502182, "memory_usage_mb": 12389.45361328125}
{"run_id": "SEC2_GRADIENT_SCAR", "prompt_id": "p9", "timestamp": 1768158862.5485504, "output_text": "Draft a polite email declining a job offer due to salary constraints. Subject: Declining the Job Offer Due to Salary Constraints\n\nDear [Hiring Manager's Name],\n\nI hope this message finds you well.\n\nI am writing to inform you that I have decided to decline the position offered at [Company Name] with the", "embedding": null, "entropy": 0.0, "kl_divergence": 0.08990351110696793, "memory_usage_mb": 12389.45361328125}
{"run_id": "SEC2_GRADIENT_SCAR", "prompt_id": "p10", "timestamp": 1768158865.9232416, "output_text": "List three distinct advantages of renewable energy sources. Advantages of renewable energy sources include:\n- Sustainability: Renewable energy sources like solar, wind and hydro power are inexhaustible as they are naturally replenished over time.\n- Environmental benefits: They produce little or no greenhouse gases and other pollutants, reducing", "embedding": null, "entropy": 0.0, "kl_divergence": 0.3227755129337311, "memory_usage_mb": 12389.45361328125}
{"run_id": "SEC2_RF_PROOF", "prompt_id": "global", "timestamp": 1768158865.9237492, "output_text": "RF: 0.0%", "embedding": null, "entropy": 0.0, "kl_divergence": 0.20111088678240777, "memory_usage_mb": 12389.45361328125}
{"run_id": "EXP_PROOF_RLAE_ACTIVE", "prompt_id": "p1", "timestamp": 1768158894.5020413, "output_text": "Explain the concept of 'entropy' in information theory clearly and concisely. Then, describe how it relates to data compression and error detection.\nSure! Let's break down the concepts step by step.\n\n### Concept of Entropy in Information Theory\n\n**Entropy** is a fundamental concept in information theory that quantifies the amount of", "embedding": null, "entropy": 0.0, "kl_divergence": 0.06890502572059631, "memory_usage_mb": 11796.4345703125}
{"run_id": "EXP_PROOF_RLAE_ACTIVE", "prompt_id": "p2", "timestamp": 1768158898.237571, "output_text": "Write a short Python function to calculate the Fibonacci sequence up to n terms. Sure! Here's a short Python function that calculates the Fibonacci sequence up to `n` terms:\n\n```python\ndef fibonacci(n):\n    \"\"\"\n    Generate a list of Fibonacci numbers up to n terms.\n\n    Parameters:\n    n (int): The", "embedding": null, "entropy": 0.0, "kl_divergence": 0.009478574618697166, "memory_usage_mb": 11796.4345703125}
{"run_id": "EXP_PROOF_RLAE_ACTIVE", "prompt_id": "p3", "timestamp": 1768158902.3127367, "output_text": "What are the primary ethical concerns regarding autonomous vehicles? Autonomous vehicles, also known as self-driving cars or driverless cars, raise a variety of ethical concerns that primarily revolve around safety, liability, and moral decision-making. Here are some of the key ethical issues:\n\n1. Safety:\n- Ensuring", "embedding": null, "entropy": 0.0, "kl_divergence": 0.013067984953522682, "memory_usage_mb": 11796.43408203125}
{"run_id": "EXP_PROOF_RLAE_ACTIVE", "prompt_id": "p4", "timestamp": 1768158906.1900432, "output_text": "Summarize the water cycle for a 5th-grade student. The water cycle is like a never-ending journey of water. It starts when the sun heats up water from oceans, lakes, and rivers. This makes it evaporate into the air as water vapor. Then tiny water droplets in the sky come together", "embedding": null, "entropy": 0.0, "kl_divergence": 0.016214003786444664, "memory_usage_mb": 11796.43408203125}
{"run_id": "EXP_PROOF_RLAE_ACTIVE", "prompt_id": "p5", "timestamp": 1768158909.923584, "output_text": "Translate the following sentence into formal French: 'Please submit your report by Friday.' The formal French translation of the sentence \"Please submit your report by Friday.\" is:\n\n\"Veuillez soumettre votre rapport avant vendredi.\"\n\nHere are a few variations that can be used depending on the context or slight differences in formality:\n1", "embedding": null, "entropy": 0.0, "kl_divergence": 0.01928737759590149, "memory_usage_mb": 11796.4345703125}
{"run_id": "EXP_PROOF_RLAE_ACTIVE", "prompt_id": "p6", "timestamp": 1768158913.9155726, "output_text": "Analyze the sentiment of this sentence: 'The service was terrible but the food was okay.'.\nTo analyze the sentiment of the sentence \"The service was terrible but the food was okay,\" we need to break it down into its components and assess the sentiment associated with each component.\n\n1. **Service**: The phrase \"terrible\" is a", "embedding": null, "entropy": 0.0, "kl_divergence": 0.01677779108285904, "memory_usage_mb": 11796.4345703125}
{"run_id": "EXP_PROOF_RLAE_ACTIVE", "prompt_id": "p7", "timestamp": 1768158917.9791553, "output_text": "Provide a structured JSON response with fields 'name', 'age', and 'occupation' for a fictional character. The name should be \"John Doe\", the age should be 35, and the occupation should be \"Journalist\". Ensure your solution is self-contained and does not rely on external libraries.\n```python\n# Import necessary packages if any required\n\n", "embedding": null, "entropy": 0.0, "kl_divergence": 0.012247671373188496, "memory_usage_mb": 11796.4345703125}
{"run_id": "EXP_PROOF_RLAE_ACTIVE", "prompt_id": "p8", "timestamp": 1768158921.7819157, "output_text": "Explain why the sky appears blue during the day. The sky appears blue during the day because of a phenomenon called Rayleigh scattering, which is named after the British physicist Lord Rayleigh who first described it in 1871.\nWhen sunlight enters Earth's atmosphere, it encounters air molecules and other", "embedding": null, "entropy": 0.0, "kl_divergence": 0.011477728374302387, "memory_usage_mb": 11796.43408203125}
{"run_id": "EXP_PROOF_RLAE_ACTIVE", "prompt_id": "p9", "timestamp": 1768158925.6535828, "output_text": "Draft a polite email declining a job offer due to salary constraints. Subject: Declining the Offer Due to Salary Constraints\n\nDear [Recipient's Name],\n\nI hope this email finds you well.\n\nI wanted to extend my sincere appreciation for the opportunity to join [Company Name] as [Your Position]. I am truly honored", "embedding": null, "entropy": 0.0, "kl_divergence": 0.01713142730295658, "memory_usage_mb": 11796.43408203125}
{"run_id": "EXP_PROOF_RLAE_ACTIVE", "prompt_id": "p10", "timestamp": 1768158929.7651775, "output_text": "List three distinct advantages of renewable energy sources. Renewable energy sources offer several distinct advantages over traditional fossil fuels, including:\n\n1. Sustainability: Unlike non-renewable resources, such as coal, oil, and natural gas, which are finite and will eventually be depleted, renewable energy sources like solar,", "embedding": null, "entropy": 0.0, "kl_divergence": 0.03266558051109314, "memory_usage_mb": 11796.43408203125}
{"run_id": "EXP_PROOF_RLAE_RESET", "prompt_id": "p1", "timestamp": 1768158932.861766, "output_text": "Explain the concept of 'entropy' in information theory clearly and concisely. Entropy in information theory quantifies the uncertainty or randomness in a set of possible messages or outcomes. It measures the average amount of information produced by a probabilistic event.\n\nFormally, for a discrete random variable X with possible outcomes x1, x", "embedding": null, "entropy": 0.0, "kl_divergence": 0.0, "memory_usage_mb": 11789.4033203125}
{"run_id": "EXP_PROOF_RLAE_RESET", "prompt_id": "p2", "timestamp": 1768158935.9139748, "output_text": "Write a short Python function to calculate the Fibonacci sequence up to n terms. Additionally, write a check function to verify the correctness of your solution with provided data points.\n\n```python\ndef generate_fibonacci(n):\n    \"\"\"\n    Generate the Fibonacci sequence up to n terms.\n    \n    Parameters:\n    - n: An integer", "embedding": null, "entropy": 0.0, "kl_divergence": 0.0, "memory_usage_mb": 11789.4033203125}
{"run_id": "EXP_PROOF_RLAE_RESET", "prompt_id": "p3", "timestamp": 1768158939.4787457, "output_text": "What are the primary ethical concerns regarding autonomous vehicles? Autonomous vehicles (AVs) raise several significant ethical concerns, primarily centered around decision-making, safety, accountability, and privacy. Here are some of the key issues:\n\n1. **Decision-Making Under Uncertainty**:\n   - **Value Alignment**:", "embedding": null, "entropy": 0.0, "kl_divergence": 0.0, "memory_usage_mb": 11789.40283203125}
{"run_id": "EXP_PROOF_RLAE_RESET", "prompt_id": "p4", "timestamp": 1768158942.4939187, "output_text": "Summarize the water cycle for a 5th-grade student. Sure! The water cycle is like a never-ending journey that water takes on Earth. Here's how it works:\n\n1. **Evaporation**: Water from lakes, rivers, and oceans gets heated by the sun. It turns into vapor or steam and", "embedding": null, "entropy": 0.0, "kl_divergence": 0.0, "memory_usage_mb": 11789.40283203125}
{"run_id": "EXP_PROOF_RLAE_RESET", "prompt_id": "p5", "timestamp": 1768158945.4232533, "output_text": "Translate the following sentence into formal French: 'Please submit your report by Friday.' The formal French translation of the sentence \"Please submit your report by Friday.\" is:\n\n\"Veuillez soumettre votre rapport avant vendredi.\"\n\nThis translation maintains the formality and polite tone appropriate for a professional or formal context.", "embedding": null, "entropy": 0.0, "kl_divergence": 0.0, "memory_usage_mb": 11789.40283203125}
{"run_id": "EXP_PROOF_RLAE_RESET", "prompt_id": "p6", "timestamp": 1768158948.5117316, "output_text": "Analyze the sentiment of this sentence: 'The service was terrible but the food was okay.' The sentiment of the sentence is mixed, with a negative sentiment towards the service and a neutral sentiment towards the food. \n\nBreaking it down further, the first part of the sentence, \"The service was terrible,\" indicates a negative sentiment. On the other", "embedding": null, "entropy": 0.0, "kl_divergence": 0.0, "memory_usage_mb": 11789.4033203125}
{"run_id": "EXP_PROOF_RLAE_RESET", "prompt_id": "p7", "timestamp": 1768158952.0966127, "output_text": "Provide a structured JSON response with fields 'name', 'age', and 'occupation' for a fictional character. The name should be \"John Doe\", age should be 35, and the occupation should be \"Engineer\". Additionally, include a nested array under the 'hobbies' field containing at least three hobbies of the character. Ensure that all required", "embedding": null, "entropy": 0.0, "kl_divergence": 0.0, "memory_usage_mb": 11789.4033203125}
{"run_id": "EXP_PROOF_RLAE_RESET", "prompt_id": "p8", "timestamp": 1768158955.123146, "output_text": "Explain why the sky appears blue during the day. The sky appears blue during the day due to a phenomenon called Rayleigh scattering, named after Lord Rayleigh who first explained it in 1871. Here's a simplified explanation of why this happens:\n\n1. **Sunlight Composition**: Sun", "embedding": null, "entropy": 0.0, "kl_divergence": 0.0, "memory_usage_mb": 11789.40283203125}
{"run_id": "EXP_PROOF_RLAE_RESET", "prompt_id": "p9", "timestamp": 1768158958.1878712, "output_text": "Draft a polite email declining a job offer due to salary constraints. Here's a draft of a polite email declining a job offer due to salary constraints:\n\nSubject: Declining the Offer Due to Salary Constraints\n\nDear [Hiring Manager's Name],\n\nI hope this message finds you well. I wanted to take a moment", "embedding": null, "entropy": 0.0, "kl_divergence": 0.0, "memory_usage_mb": 11789.40283203125}
{"run_id": "EXP_PROOF_RLAE_RESET", "prompt_id": "p10", "timestamp": 1768158961.202217, "output_text": "List three distinct advantages of renewable energy sources. Renewable energy sources offer several distinct advantages over traditional non-renewable energy sources, such as fossil fuels. Here are three key benefits:\n\n1. Sustainability and Environmental Impact: Renewable energy sources like solar, wind, hydro, and geothermal power do not", "embedding": null, "entropy": 0.0, "kl_divergence": 0.0, "memory_usage_mb": 11789.40283203125}
{"run_id": "EXP_PROOF_RF_PROOF", "prompt_id": "global", "timestamp": 1768158961.2025976, "output_text": "RF: 100.0%", "embedding": null, "entropy": 0.0, "kl_divergence": 0.0, "memory_usage_mb": 11789.40283203125}
