{"run_id": "ITER_0_STEP_0", "prompt_id": "p1", "timestamp": 1768067683.5235178, "output_text": "Explain the concept of 'entropy' in information theory clearly and concisely. What is it? How does it relate to data compression?\n\nEntropy in information theory measures the unpredictability", "embedding": null, "entropy": 0.0, "kl_divergence": null, "memory_usage_mb": 5902.119140625}
{"run_id": "ITER_0_STEP_5", "prompt_id": "p6", "timestamp": 1768067690.9602897, "output_text": "Analyze the sentiment of this sentence: 'The service was terrible but the food was okay.' The sentiment of this sentence is mixed. It contains both negative and positive sentiments. The first part of", "embedding": null, "entropy": 0.0, "kl_divergence": null, "memory_usage_mb": 5902.119140625}
{"run_id": "ITER_0_STEP_10", "prompt_id": "p1", "timestamp": 1768067698.1880178, "output_text": "Explain the concept of 'entropy' in information theory clearly and concisely. What is the difference between Shannon entropy and Boltzmann entropy? Provide an example to illustrate the application", "embedding": null, "entropy": 0.0, "kl_divergence": null, "memory_usage_mb": 5902.119140625}
{"run_id": "ITER_0_STEP_15", "prompt_id": "p6", "timestamp": 1768067705.8029165, "output_text": "Analyze the sentiment of this sentence: 'The service was terrible but the food was okay.' The sentiment of this sentence is mixed. It expresses a negative sentiment towards the service, but a neutral", "embedding": null, "entropy": 0.0, "kl_divergence": null, "memory_usage_mb": 5902.119140625}
{"run_id": "ITER_0_STEP_20", "prompt_id": "p1", "timestamp": 1768067712.797392, "output_text": "Explain the concept of 'entropy' in information theory clearly and concisely. Provide a practical example.\n\n**Entropy in Information Theory**\n\nIn information theory, entropy is a fundamental concept", "embedding": null, "entropy": 0.0, "kl_divergence": null, "memory_usage_mb": 5902.119140625}
{"run_id": "ITER_0_STEP_25", "prompt_id": "p6", "timestamp": 1768067720.3712819, "output_text": "Analyze the sentiment of this sentence: 'The service was terrible but the food was okay.' The sentiment of this sentence is mixed. The first part, \"The service was terrible,\" has a", "embedding": null, "entropy": 0.0, "kl_divergence": null, "memory_usage_mb": 5902.119140625}
{"run_id": "ITER_0_STEP_30", "prompt_id": "p1", "timestamp": 1768067727.813181, "output_text": "Explain the concept of 'entropy' in information theory clearly and concisely. Provide an example to illustrate its use.\n\nEntropy is a measure of uncertainty or randomness in a set of", "embedding": null, "entropy": 0.0, "kl_divergence": null, "memory_usage_mb": 5902.119140625}
{"run_id": "ITER_0_STEP_35", "prompt_id": "p6", "timestamp": 1768067736.9024978, "output_text": "Analyze the sentiment of this sentence: 'The service was terrible but the food was okay.'.\nTo analyze the sentiment of the sentence, I will break it down into its components and evaluate the", "embedding": null, "entropy": 0.0, "kl_divergence": null, "memory_usage_mb": 5902.119140625}
{"run_id": "ITER_0_STEP_40", "prompt_id": "p1", "timestamp": 1768067746.6697412, "output_text": "Explain the concept of 'entropy' in information theory clearly and concisely. Entropy is a fundamental concept in information theory that quantifies the uncertainty or randomness in a set of", "embedding": null, "entropy": 0.0, "kl_divergence": null, "memory_usage_mb": 5902.119140625}
{"run_id": "ITER_0_STEP_45", "prompt_id": "p6", "timestamp": 1768067754.2499342, "output_text": "Analyze the sentiment of this sentence: 'The service was terrible but the food was okay.' \nUsing a sentiment analysis tool, I have obtained the following scores: Positive score: 0.", "embedding": null, "entropy": 0.0, "kl_divergence": null, "memory_usage_mb": 5902.119140625}
{"run_id": "ITER_0_STEP_50", "prompt_id": "p1", "timestamp": 1768067761.2353432, "output_text": "Explain the concept of 'entropy' in information theory clearly and concisely. Then, discuss how entropy is used to measure the unpredictability or randomness in data.\nEntropy is a", "embedding": null, "entropy": 0.0, "kl_divergence": null, "memory_usage_mb": 5902.119140625}
{"run_id": "ITER_0_STEP_55", "prompt_id": "p6", "timestamp": 1768067768.696648, "output_text": "Analyze the sentiment of this sentence: 'The service was terrible but the food was okay.' To analyze the sentiment of the sentence \"The service was terrible but the food was okay,\" we need", "embedding": null, "entropy": 0.0, "kl_divergence": null, "memory_usage_mb": 5902.119140625}
{"run_id": "ITER_0_STEP_60", "prompt_id": "p1", "timestamp": 1768067775.8623989, "output_text": "Explain the concept of 'entropy' in information theory clearly and concisely. Entropy in information theory is a measure of uncertainty or randomness associated with a set of possible outcomes.", "embedding": null, "entropy": 0.0, "kl_divergence": null, "memory_usage_mb": 5902.119140625}
{"run_id": "ITER_0_STEP_65", "prompt_id": "p6", "timestamp": 1768067783.2237873, "output_text": "Analyze the sentiment of this sentence: 'The service was terrible but the food was okay.' To analyze the sentiment of the sentence \"The service was terrible but the food was okay,\" we need", "embedding": null, "entropy": 0.0, "kl_divergence": null, "memory_usage_mb": 5902.119140625}
{"run_id": "ITER_0_STEP_70", "prompt_id": "p1", "timestamp": 1768067790.8524106, "output_text": "Explain the concept of 'entropy' in information theory clearly and concisely. Entropy is a fundamental concept in information theory that quantifies the uncertainty or randomness associated with a set", "embedding": null, "entropy": 0.0, "kl_divergence": null, "memory_usage_mb": 5902.119140625}
{"run_id": "ITER_0_STEP_75", "prompt_id": "p6", "timestamp": 1768067797.81123, "output_text": "Analyze the sentiment of this sentence: 'The service was terrible but the food was okay.'.\nTo analyze the sentiment of the given sentence, I'll break it down into its components and evaluate", "embedding": null, "entropy": 0.0, "kl_divergence": null, "memory_usage_mb": 5902.119140625}
{"run_id": "ITER_0_STEP_80", "prompt_id": "p1", "timestamp": 1768067805.194539, "output_text": "Explain the concept of 'entropy' in information theory clearly and concisely. In information theory, entropy quantifies the uncertainty or randomness in a set of possible messages. It's", "embedding": null, "entropy": 0.0, "kl_divergence": null, "memory_usage_mb": 5902.119140625}
{"run_id": "ITER_0_STEP_85", "prompt_id": "p6", "timestamp": 1768067812.5222921, "output_text": "Analyze the sentiment of this sentence: 'The service was terrible but the food was okay.' The sentiment of this sentence is mixed. The sentiment towards the service is negative, while the sentiment towards", "embedding": null, "entropy": 0.0, "kl_divergence": null, "memory_usage_mb": 5902.119140625}
{"run_id": "ITER_0_STEP_90", "prompt_id": "p1", "timestamp": 1768067819.7486434, "output_text": "Explain the concept of 'entropy' in information theory clearly and concisely. In information theory, entropy is a measure of uncertainty or randomness associated with a probability distribution. Formally", "embedding": null, "entropy": 0.0, "kl_divergence": null, "memory_usage_mb": 5902.119140625}
{"run_id": "ITER_0_STEP_95", "prompt_id": "p6", "timestamp": 1768067827.2556162, "output_text": "Analyze the sentiment of this sentence: 'The service was terrible but the food was okay.'.\nTo analyze the sentiment of the given sentence, we will break it down into two parts and evaluate", "embedding": null, "entropy": 0.0, "kl_divergence": null, "memory_usage_mb": 5902.119140625}
