{"run_id": "RLAE_ELIM_0.0", "prompt_id": "p1", "timestamp": 1768065420.379798, "output_text": "Explain the concept of 'entropy' in information theory clearly and concisely. Discuss its role in measuring uncertainty, randomness, and disorder in data.\nThe concept of entropy in information theory is a fundamental measure of uncertainty, randomness, and disorder in a set of possible outcomes or messages. It quantifies how much information we need on", "embedding": null, "entropy": 0.0, "kl_divergence": 0.05999075621366501, "memory_usage_mb": 11906.6298828125}
{"run_id": "RLAE_ELIM_0.0", "prompt_id": "p2", "timestamp": 1768065423.993638, "output_text": "Write a short Python function to calculate the Fibonacci sequence up to n terms. The function should be named `fibonacci_sequence` and take an integer `n` as its argument. It should return a list containing the Fibonacci sequence up to `n` terms. Additionally, write a check function named `check_fibonacci`", "embedding": null, "entropy": 0.0, "kl_divergence": 0.01067506056278944, "memory_usage_mb": 11905.90966796875}
{"run_id": "RLAE_ELIM_0.0", "prompt_id": "p3", "timestamp": 1768065427.6013768, "output_text": "What are the primary ethical concerns regarding autonomous vehicles? There are several ethical concerns surrounding the development and deployment of autonomous vehicles (AVs). Some of the primary ethical concerns include:\n\n1. Responsibility: One of the biggest ethical questions is who should be held responsible in case of an accident involving an AV.", "embedding": null, "entropy": 0.0, "kl_divergence": 0.010615210048854351, "memory_usage_mb": 11903.65869140625}
{"run_id": "RLAE_ELIM_0.0", "prompt_id": "p4", "timestamp": 1768065432.1710608, "output_text": "Summarize the water cycle for a 5th-grade student. The water cycle is like a big circle that shows how water moves around our planet. It starts in the sky as clouds. When it gets cold, the water turns into tiny drops and falls to the ground as rain or snow. This water then goes", "embedding": null, "entropy": 0.0, "kl_divergence": 0.0172317735850811, "memory_usage_mb": 11904.67919921875}
{"run_id": "RLAE_ELIM_0.0", "prompt_id": "p5", "timestamp": 1768065435.7728586, "output_text": "Translate the following sentence into formal French: 'Please submit your report by Friday.' The formal version of this sentence in French would be:\n\n\"Veuillez soumettre votre rapport avant vendredi.\"\n\nThis translation maintains the formality and clarity of the original English sentence. Here's a breakdown:\n- \"Veuillez\" is the formal", "embedding": null, "entropy": 0.0, "kl_divergence": 0.021946504712104797, "memory_usage_mb": 11905.9794921875}
{"run_id": "RLAE_ELIM_0.0", "prompt_id": "p6", "timestamp": 1768065439.3998842, "output_text": "Analyze the sentiment of this sentence: 'The service was terrible but the food was okay.' The sentiment of the given sentence is mixed. It contains two contrasting sentiments - negative and positive.\nNegative sentiment: The word \"terrible\" indicates a negative sentiment towards the service provided.\nPositive sentiment: The word \"okay\" suggests a neutral to slightly", "embedding": null, "entropy": 0.0, "kl_divergence": 0.0194548312574625, "memory_usage_mb": 11907.9296875}
{"run_id": "RLAE_ELIM_0.0", "prompt_id": "p7", "timestamp": 1768065443.1439583, "output_text": "Provide a structured JSON response with fields 'name', 'age', and 'occupation' for a fictional character. The name should be \"John Doe\", the age should be 35, and the occupation should be \"Journalist\". Ensure your code snippet demonstrates how to generate this JSON.\n```python\nimport json\n\ndef create_character():\n    \"\"\"\n    Generates", "embedding": null, "entropy": 0.0, "kl_divergence": 0.013600768521428108, "memory_usage_mb": 11909.87890625}
{"run_id": "RLAE_ELIM_0.0", "prompt_id": "p8", "timestamp": 1768065447.1000738, "output_text": "Explain why the sky appears blue during the day. The sky appears blue during the day due to a phenomenon called Rayleigh scattering, which is named after Lord Rayleigh who first explained it in 1871. Here's how it works:\n\n1. Sunlight contains all colors of the visible", "embedding": null, "entropy": 0.0, "kl_divergence": 0.011843753047287464, "memory_usage_mb": 11903.72900390625}
{"run_id": "RLAE_ELIM_0.0", "prompt_id": "p9", "timestamp": 1768065452.8661225, "output_text": "Draft a polite email declining a job offer due to salary constraints. Subject: Declining the Job Offer Due to Salary Constraints\n\nDear [Hiring Manager's Name],\n\nI hope this message finds you well.\n\nI am writing to express my sincere appreciation for the opportunity to consider a position at [Company Name]. The role", "embedding": null, "entropy": 0.0, "kl_divergence": 0.01701183430850506, "memory_usage_mb": 11904.49462890625}
{"run_id": "RLAE_ELIM_0.0", "prompt_id": "p10", "timestamp": 1768065457.029882, "output_text": "List three distinct advantages of renewable energy sources. Renewable energy sources, such as solar, wind, hydroelectric, and geothermal power, offer several advantages over traditional fossil fuels. Here are three key benefits:\n\n1. Sustainability: Unlike finite fossil fuels, which will eventually run out, renewable energy sources", "embedding": null, "entropy": 0.0, "kl_divergence": 0.027206571772694588, "memory_usage_mb": 11902.32177734375}
{"run_id": "RLAE_ELIM_0.2", "prompt_id": "p1", "timestamp": 1768065480.5000775, "output_text": "Explain the concept of 'entropy' in information theory clearly and concisely. Entropy in information theory is a measure of uncertainty or randomness associated with a probability distribution. Formally, for a discrete random variable X with possible outcomes {x1, x2, ..., xn} and corresponding probabilities {p(x1), p(x", "embedding": null, "entropy": 0.0, "kl_divergence": 0.04684114828705788, "memory_usage_mb": 11906.6298828125}
{"run_id": "RLAE_ELIM_0.2", "prompt_id": "p2", "timestamp": 1768065484.1993692, "output_text": "Write a short Python function to calculate the Fibonacci sequence up to n terms. The function should be named `fibonacci_sequence` and it should take one argument, `n`, which is an integer representing the number of terms in the sequence to generate. The function should return a list containing the first `n` terms of the", "embedding": null, "entropy": 0.0, "kl_divergence": 0.00933915562927723, "memory_usage_mb": 11905.90966796875}
{"run_id": "RLAE_ELIM_0.2", "prompt_id": "p3", "timestamp": 1768065487.8604484, "output_text": "What are the primary ethical concerns regarding autonomous vehicles? Autonomous vehicles (AVs) raise several significant ethical concerns, primarily centered around decision-making in complex scenarios. Here are some of the key issues:\n\n1. **Life vs. Property**: In unavoidable accidents, AVs must choose between saving lives or minimizing", "embedding": null, "entropy": 0.0, "kl_divergence": 0.009827734902501106, "memory_usage_mb": 11903.65869140625}
{"run_id": "RLAE_ELIM_0.2", "prompt_id": "p4", "timestamp": 1768065491.7933028, "output_text": "Summarize the water cycle for a 5th-grade student. Sure! Imagine you have a big, magical circle that's always moving and changing. This circle is all about water!\n\n1. **Sunshine:** The sun is like a big, warm oven. It makes the water in lakes, rivers, and", "embedding": null, "entropy": 0.0, "kl_divergence": 0.014872297644615173, "memory_usage_mb": 11904.67919921875}
{"run_id": "RLAE_ELIM_0.2", "prompt_id": "p5", "timestamp": 1768065495.6479666, "output_text": "Translate the following sentence into formal French: 'Please submit your report by Friday.' The translation should adhere to formal French conventions and include a polite imperative. Here is the formal French translation of the sentence \"Please submit your report by Friday\":\n\n\"Veuillez soumettre votre rapport avant vendredi.\"\n\nThis translation follows formal French conventions,", "embedding": null, "entropy": 0.0, "kl_divergence": 0.020703034475445747, "memory_usage_mb": 11905.9794921875}
{"run_id": "RLAE_ELIM_0.2", "prompt_id": "p6", "timestamp": 1768065499.261914, "output_text": "Analyze the sentiment of this sentence: 'The service was terrible but the food was okay.' To analyze the sentiment of the sentence \"The service was terrible but the food was okay,\" we need to break it down into its components and assess each part's sentiment.\n\n1. **Identify the parts of the sentence:**\n   - \"The", "embedding": null, "entropy": 0.0, "kl_divergence": 0.01800411008298397, "memory_usage_mb": 11907.9296875}
{"run_id": "RLAE_ELIM_0.2", "prompt_id": "p7", "timestamp": 1768065502.9636154, "output_text": "Provide a structured JSON response with fields 'name', 'age', and 'occupation' for a fictional character. The 'name' should be a random name from a list of 100 unique names, the 'age' should be a random integer between 20 and 60, and the 'occupation' should be a random job title from", "embedding": null, "entropy": 0.0, "kl_divergence": 0.011217959225177765, "memory_usage_mb": 11909.87890625}
{"run_id": "RLAE_ELIM_0.2", "prompt_id": "p8", "timestamp": 1768065507.0483835, "output_text": "Explain why the sky appears blue during the day. The sky appears blue during the day due to a phenomenon known as Rayleigh scattering. This process occurs when sunlight enters the Earth's atmosphere and collides with molecules and particles in the air.\n\nWhen light from the sun hits these particles, it causes the", "embedding": null, "entropy": 0.0, "kl_divergence": 0.009152859449386597, "memory_usage_mb": 11903.72900390625}
{"run_id": "RLAE_ELIM_0.2", "prompt_id": "p9", "timestamp": 1768065510.7595103, "output_text": "Draft a polite email declining a job offer due to salary constraints. Subject: Declining the Job Offer Due to Salary Constraints\n\nDear [Hiring Manager's Name],\n\nI hope this message finds you well. I wanted to extend my sincere appreciation for the opportunity to consider the position of [Position] at [Company].", "embedding": null, "entropy": 0.0, "kl_divergence": 0.01573489047586918, "memory_usage_mb": 11904.49462890625}
{"run_id": "RLAE_ELIM_0.2", "prompt_id": "p10", "timestamp": 1768065514.4747477, "output_text": "List three distinct advantages of renewable energy sources. Renewable energy sources offer several advantages over traditional fossil fuels. Here are three key benefits:\n\n1. Sustainability and Environmental Impact: Renewable energy sources, such as solar, wind, hydroelectric, and geothermal power, are derived from naturally replenishing resources.", "embedding": null, "entropy": 0.0, "kl_divergence": 0.028867576271295547, "memory_usage_mb": 11902.32177734375}
{"run_id": "RLAE_ELIM_0.4", "prompt_id": "p1", "timestamp": 1768065538.620002, "output_text": "Explain the concept of 'entropy' in information theory clearly and concisely. Entropy in information theory is a measure of uncertainty or randomness associated with a set of possible messages or outcomes. It quantifies the average amount of information produced by a probabilistic event.\n\nFormally, for a discrete random variable X with possible values x", "embedding": null, "entropy": 0.0, "kl_divergence": 0.003634469350799918, "memory_usage_mb": 11906.6298828125}
{"run_id": "RLAE_ELIM_0.4", "prompt_id": "p2", "timestamp": 1768065542.7331607, "output_text": "Write a short Python function to calculate the Fibonacci sequence up to n terms. The function should be named `fibonacci_sequence` and it should take one parameter `n`. The function should return a list of the first `n` Fibonacci numbers.\n\nYour code should pass the following test case:\n```python\n# Test case\n", "embedding": null, "entropy": 0.0, "kl_divergence": 0.0025957883335649967, "memory_usage_mb": 11905.90966796875}
{"run_id": "RLAE_ELIM_0.4", "prompt_id": "p3", "timestamp": 1768065546.4244182, "output_text": "What are the primary ethical concerns regarding autonomous vehicles? Autonomous vehicles (AVs) raise a variety of ethical concerns that primarily revolve around their decision-making processes, liability, and potential impact on society. Here are some of the main ethical concerns:\n\n1. **Vehicle Autonomy vs. Human Oversight**:", "embedding": null, "entropy": 0.0, "kl_divergence": 0.002403529128059745, "memory_usage_mb": 11903.65869140625}
{"run_id": "RLAE_ELIM_0.4", "prompt_id": "p4", "timestamp": 1768065550.19672, "output_text": "Summarize the water cycle for a 5th-grade student. Sure! Imagine you have a big circle of water that goes around and around. This is called the water cycle.\n\n1. **Evaporation**: The sun heats up the water in lakes, rivers, and oceans. It turns the water into vapor or", "embedding": null, "entropy": 0.0, "kl_divergence": 0.005091845989227295, "memory_usage_mb": 11904.67919921875}
{"run_id": "RLAE_ELIM_0.4", "prompt_id": "p5", "timestamp": 1768065554.4816582, "output_text": "Translate the following sentence into formal French: 'Please submit your report by Friday.' In formal French, you would say:\n\n'Veuillez soumettre votre rapport avant vendredi.'\n\nHere's a breakdown of the translation:\n- 'Veuillez' means 'please'\n- 'soumettre' is the verb meaning 'to", "embedding": null, "entropy": 0.0, "kl_divergence": 0.005239165388047695, "memory_usage_mb": 11905.9794921875}
{"run_id": "RLAE_ELIM_0.4", "prompt_id": "p6", "timestamp": 1768065560.2490017, "output_text": "Analyze the sentiment of this sentence: 'The service was terrible but the food was okay.' The sentiment of the sentence is mixed. The first part, \"The service was terrible,\" expresses a negative sentiment, while the second part, \"the food was okay,\" expresses a slightly positive sentiment. However, since the negative sentiment regarding the service is", "embedding": null, "entropy": 0.0, "kl_divergence": 0.0034327253233641386, "memory_usage_mb": 11907.9296875}
{"run_id": "RLAE_ELIM_0.4", "prompt_id": "p7", "timestamp": 1768065564.2982283, "output_text": "Provide a structured JSON response with fields 'name', 'age', and 'occupation' for a fictional character. The name should be a random string of 5 words, the age an integer between 20 and 60, and the occupation a randomly chosen job from a predefined list. \n\nFor the predefined list of jobs, use:\n- Accountant", "embedding": null, "entropy": 0.0, "kl_divergence": 0.00305262953042984, "memory_usage_mb": 11909.87890625}
{"run_id": "RLAE_ELIM_0.4", "prompt_id": "p8", "timestamp": 1768065568.0176022, "output_text": "Explain why the sky appears blue during the day. The sky appears blue during the day due to a phenomenon called Rayleigh scattering. When sunlight enters Earth's atmosphere, it encounters gas molecules and small particles that scatter the light in all directions. However, different wavelengths of light are scattered at different angles and", "embedding": null, "entropy": 0.0, "kl_divergence": 0.0030488513875752687, "memory_usage_mb": 11903.72900390625}
{"run_id": "RLAE_ELIM_0.4", "prompt_id": "p9", "timestamp": 1768065571.7800055, "output_text": "Draft a polite email declining a job offer due to salary constraints. Subject: Declining the Job Offer Due to Salary Constraints\n\nDear [Hiring Manager's Name],\n\nI hope this message finds you well. I am writing to formally decline the job offer that was extended to me by your company, [Company Name].", "embedding": null, "entropy": 0.0, "kl_divergence": 0.0055510737001895905, "memory_usage_mb": 11904.49462890625}
{"run_id": "RLAE_ELIM_0.4", "prompt_id": "p10", "timestamp": 1768065575.6062162, "output_text": "List three distinct advantages of renewable energy sources. Renewable energy sources offer several significant advantages, including:\n\n1. Sustainability: Unlike non-renewable resources like coal and oil, which are finite and deplete over time, renewable energy sources such as solar, wind, hydro, and geothermal are replen", "embedding": null, "entropy": 0.0, "kl_divergence": 0.0047823465429246426, "memory_usage_mb": 11902.32177734375}
{"run_id": "RLAE_ELIM_0.6", "prompt_id": "p1", "timestamp": 1768065595.54534, "output_text": "Explain the concept of 'entropy' in information theory clearly and concisely. In information theory, entropy is a measure of uncertainty or randomness associated with a probability distribution. More specifically:\n\n- It quantifies the average amount of information needed to describe the outcome of a random variable.\n\n- For a discrete random variable X with possible outcomes", "embedding": null, "entropy": 0.0, "kl_divergence": 0.0, "memory_usage_mb": 11906.6298828125}
{"run_id": "RLAE_ELIM_0.6", "prompt_id": "p2", "timestamp": 1768065599.3860536, "output_text": "Write a short Python function to calculate the Fibonacci sequence up to n terms. Sure! Here's a Python function that calculates the Fibonacci sequence up to `n` terms:\n\n```python\ndef fibonacci(n):\n    \"\"\"\n    Calculate the Fibonacci sequence up to n terms.\n\n    Args:\n        n (int): The number of terms", "embedding": null, "entropy": 0.0, "kl_divergence": 0.0, "memory_usage_mb": 11905.90966796875}
{"run_id": "RLAE_ELIM_0.6", "prompt_id": "p3", "timestamp": 1768065603.5001018, "output_text": "What are the primary ethical concerns regarding autonomous vehicles? Autonomous vehicles (AVs) raise several significant ethical concerns, primarily related to decision-making under uncertain conditions. Here are some of the key issues:\n\n1. **Life and Death Decisions**: In unavoidable accidents, AVs must make split-second decisions about", "embedding": null, "entropy": 0.0, "kl_divergence": 0.0, "memory_usage_mb": 11903.65869140625}
{"run_id": "RLAE_ELIM_0.6", "prompt_id": "p4", "timestamp": 1768065607.2418416, "output_text": "Summarize the water cycle for a 5th-grade student. The water cycle is like a never-ending game of water tag! Water goes through four main stages: evaporation, condensation, precipitation, and collection.\n\n1. Evaporation: The sun heats up the water in lakes, rivers, and oceans.", "embedding": null, "entropy": 0.0, "kl_divergence": 0.0, "memory_usage_mb": 11904.67919921875}
{"run_id": "RLAE_ELIM_0.6", "prompt_id": "p5", "timestamp": 1768065610.9872692, "output_text": "Translate the following sentence into formal French: 'Please submit your report by Friday.' Here is a simple translation of the sentence into formal French:\n\n\"S'il vous pla\u00eet, soumettez votre rapport avant vendredi.\"\n\nThis translation maintains the formal tone and conveys the request clearly. If you need any further adjustments or have specific", "embedding": null, "entropy": 0.0, "kl_divergence": 0.0, "memory_usage_mb": 11905.9794921875}
{"run_id": "RLAE_ELIM_0.6", "prompt_id": "p6", "timestamp": 1768065615.1395638, "output_text": "Analyze the sentiment of this sentence: 'The service was terrible but the food was okay.' The sentiment of this sentence is mixed. The person had a negative experience with the service, but a positive one with the food. \n\nMore specifically, the sentiment can be classified as slightly negative due to the use of the word \"terrible\" to", "embedding": null, "entropy": 0.0, "kl_divergence": 0.0, "memory_usage_mb": 11907.9296875}
{"run_id": "RLAE_ELIM_0.6", "prompt_id": "p7", "timestamp": 1768065618.8884783, "output_text": "Provide a structured JSON response with fields 'name', 'age', and 'occupation' for a fictional character. The name should be \"Jane Doe\", the age 35, and the occupation \"Journalist\". Ensure your code snippet demonstrates handling of such data structure in Python.\n```python\nimport json\n\n# Create a dictionary with the given details\ncharacter", "embedding": null, "entropy": 0.0, "kl_divergence": 0.0, "memory_usage_mb": 11909.87890625}
{"run_id": "RLAE_ELIM_0.6", "prompt_id": "p8", "timestamp": 1768065622.5945058, "output_text": "Explain why the sky appears blue during the day. The sky appears blue during the day due to a phenomenon called Rayleigh scattering. When sunlight enters the Earth's atmosphere, it encounters tiny molecules of nitrogen and oxygen in the air. These molecules scatter the light in all directions.\n\nHowever, shorter wavelength colors", "embedding": null, "entropy": 0.0, "kl_divergence": 0.0, "memory_usage_mb": 11903.72900390625}
{"run_id": "RLAE_ELIM_0.6", "prompt_id": "p9", "timestamp": 1768065626.959274, "output_text": "Draft a polite email declining a job offer due to salary constraints. Subject: Declining the Job Offer Due to Salary Constraints\n\nDear [Hiring Manager's Name],\n\nI hope this email finds you well. I wanted to extend my sincere appreciation for the opportunity to join [Company Name] as [Your Position]. Your", "embedding": null, "entropy": 0.0, "kl_divergence": 0.0, "memory_usage_mb": 11904.49462890625}
{"run_id": "RLAE_ELIM_0.6", "prompt_id": "p10", "timestamp": 1768065630.7388985, "output_text": "List three distinct advantages of renewable energy sources. Renewable energy sources offer several distinct advantages that make them increasingly attractive options for meeting our energy needs. Here are three key benefits:\n\n1. Sustainability and Environmental Impact: One of the most significant advantages of renewable energy is its sustainability and minimal environmental impact. Unlike", "embedding": null, "entropy": 0.0, "kl_divergence": 0.0, "memory_usage_mb": 11902.32177734375}
{"run_id": "RLAE_ELIM_0.8", "prompt_id": "p1", "timestamp": 1768065655.5267577, "output_text": "Explain the concept of 'entropy' in information theory clearly and concisely. Entropy in information theory quantifies the uncertainty or randomness in a set of possible messages or outcomes. It's defined as:\n\nH(X) = - \u03a3 [P(x) * log2 P(x)]\n\nWhere:\n- X is a random variable", "embedding": null, "entropy": 0.0, "kl_divergence": 0.0, "memory_usage_mb": 11906.6298828125}
{"run_id": "RLAE_ELIM_0.8", "prompt_id": "p2", "timestamp": 1768065659.2668326, "output_text": "Write a short Python function to calculate the Fibonacci sequence up to n terms. The function should be named `fibonacci_sequence` and it should take an integer argument `n`. Additionally, provide a check function `check_fibonacci` that takes two arguments: `n` (an integer) and `expected_result` (", "embedding": null, "entropy": 0.0, "kl_divergence": 0.0, "memory_usage_mb": 11905.90966796875}
{"run_id": "RLAE_ELIM_0.8", "prompt_id": "p3", "timestamp": 1768065663.5049465, "output_text": "What are the primary ethical concerns regarding autonomous vehicles? Autonomous vehicles (AVs) raise several ethical concerns, primarily related to safety, accountability, and fairness. Here are some of the main issues:\n\n1. Safety:\n- Unexpected scenarios: AVs may face situations where they must make split-second decisions,", "embedding": null, "entropy": 0.0, "kl_divergence": 0.0, "memory_usage_mb": 11903.65869140625}
{"run_id": "RLAE_ELIM_0.8", "prompt_id": "p4", "timestamp": 1768065669.3859484, "output_text": "Summarize the water cycle for a 5th-grade student. Sure! Imagine you have a big, round ball called Earth. On this ball, there's always some water in different forms like ice, liquid water, and water vapor (which is invisible air with tiny water droplets).\n\n1. **Evaporation", "embedding": null, "entropy": 0.0, "kl_divergence": 0.0, "memory_usage_mb": 11904.67919921875}
{"run_id": "RLAE_ELIM_0.8", "prompt_id": "p5", "timestamp": 1768065673.7157757, "output_text": "Translate the following sentence into formal French: 'Please submit your report by Friday.' The sentence in English is \"Please submit your report by Friday.\" In formal French, you would say:\n\n\"Veuillez soumettre votre rapport d'ici la fin de la semaine prochaine.\"\n\nHere's a breakdown of the translation:\n-", "embedding": null, "entropy": 0.0, "kl_divergence": 0.0, "memory_usage_mb": 11905.9794921875}
{"run_id": "RLAE_ELIM_0.8", "prompt_id": "p6", "timestamp": 1768065675.8860726, "output_text": "Analyze the sentiment of this sentence: 'The service was terrible but the food was okay.' The sentiment of the sentence is mixed. It has a negative sentiment towards the service and a neutral sentiment towards the food.", "embedding": null, "entropy": 0.0, "kl_divergence": 0.0, "memory_usage_mb": 11907.92919921875}
{"run_id": "RLAE_ELIM_0.8", "prompt_id": "p7", "timestamp": 1768065679.7189553, "output_text": "Provide a structured JSON response with fields 'name', 'age', and 'occupation' for a fictional character. The name should be a randomly selected string from a predefined list, the age should be a random integer between 20 and 60 (inclusive), and the occupation should also be randomly selected from a predefined list of occupations. Use Python to generate", "embedding": null, "entropy": 0.0, "kl_divergence": 0.0, "memory_usage_mb": 11909.87890625}
{"run_id": "RLAE_ELIM_0.8", "prompt_id": "p8", "timestamp": 1768065683.524575, "output_text": "Explain why the sky appears blue during the day. The sky appears blue during the day due to a phenomenon called Rayleigh scattering. When sunlight enters Earth's atmosphere, it encounters molecules and tiny particles in the air. These particles scatter light in all directions. However, shorter wavelength light (such as blue", "embedding": null, "entropy": 0.0, "kl_divergence": 0.0, "memory_usage_mb": 11903.72900390625}
{"run_id": "RLAE_ELIM_0.8", "prompt_id": "p9", "timestamp": 1768065687.782302, "output_text": "Draft a polite email declining a job offer due to salary constraints. Subject: Declining the Job Offer Due to Salary Constraints\n\nDear [Hiring Manager's Name],\n\nI hope this message finds you well. I am writing to decline the job offer for the position of [Position Name] that was extended to me by", "embedding": null, "entropy": 0.0, "kl_divergence": 0.0, "memory_usage_mb": 11904.49462890625}
{"run_id": "RLAE_ELIM_0.8", "prompt_id": "p10", "timestamp": 1768065691.5522144, "output_text": "List three distinct advantages of renewable energy sources. Renewable energy sources offer several significant advantages, including:\n\n1. Sustainability and Environmental Benefits: Renewable energy sources are sustainable as they are naturally replenished and do not deplete natural resources. They also produce little to no greenhouse gases or pollutants, helping to reduce", "embedding": null, "entropy": 0.0, "kl_divergence": 0.0, "memory_usage_mb": 11902.32177734375}
{"run_id": "RLAE_ELIM_1.0", "prompt_id": "p1", "timestamp": 1768065709.9913962, "output_text": "Explain the concept of 'entropy' in information theory clearly and concisely. Entropy in information theory is a measure of uncertainty or randomness associated with a probability distribution. It quantifies the expected amount of information needed to describe the outcome of an event drawn from that distribution. Formally, for a discrete random variable X with possible", "embedding": null, "entropy": 0.0, "kl_divergence": 0.0, "memory_usage_mb": 11906.6298828125}
{"run_id": "RLAE_ELIM_1.0", "prompt_id": "p2", "timestamp": 1768065713.733236, "output_text": "Write a short Python function to calculate the Fibonacci sequence up to n terms. The function should take an integer n as input and return a list of the first n Fibonacci numbers.\n\nYour code should pass the following test case:\n```python\nfibonacci_sequence = generate_fibonacci(10)\nassert fibonacci_sequence == [0", "embedding": null, "entropy": 0.0, "kl_divergence": 0.0, "memory_usage_mb": 11905.90966796875}
{"run_id": "RLAE_ELIM_1.0", "prompt_id": "p3", "timestamp": 1768065717.5025058, "output_text": "What are the primary ethical concerns regarding autonomous vehicles? Autonomous vehicles, or self-driving cars, raise several significant ethical concerns that can impact public safety and trust. Here are some of the primary ones:\n\n1. **Autonomy vs. Human Oversight**: \n   - **Concern**: Autonomous vehicles lack the ability", "embedding": null, "entropy": 0.0, "kl_divergence": 0.0, "memory_usage_mb": 11903.65869140625}
{"run_id": "RLAE_ELIM_1.0", "prompt_id": "p4", "timestamp": 1768065721.893983, "output_text": "Summarize the water cycle for a 5th-grade student. The water cycle is like a never-ending dance of water that moves all around the Earth. Imagine a big bathtub filled with water. Now, let's pretend this bathtub represents the Earth.\n\nFirst, the water in the bathtub (which is like the oceans", "embedding": null, "entropy": 0.0, "kl_divergence": 0.0, "memory_usage_mb": 11904.67919921875}
{"run_id": "RLAE_ELIM_1.0", "prompt_id": "p5", "timestamp": 1768065725.6909835, "output_text": "Translate the following sentence into formal French: 'Please submit your report by Friday.' Here is a simple translation of the given sentence into formal French:\n\n\"S'il vous pla\u00eet, soumettez votre rapport d'ici la fin de la semaine.\"\n\nThis translation maintains the formal tone appropriate for professional or official contexts. The phrase \"", "embedding": null, "entropy": 0.0, "kl_divergence": 0.0, "memory_usage_mb": 11905.9794921875}
{"run_id": "RLAE_ELIM_1.0", "prompt_id": "p6", "timestamp": 1768065729.4180312, "output_text": "Analyze the sentiment of this sentence: 'The service was terrible but the food was okay.' The sentiment of the sentence is mixed. The first part, \"The service was terrible,\" expresses a negative sentiment, while the second part, \"the food was okay,\" expresses a neutral to slightly positive sentiment. Overall, the sentiment leans more towards negative", "embedding": null, "entropy": 0.0, "kl_divergence": 0.0, "memory_usage_mb": 11907.9296875}
{"run_id": "RLAE_ELIM_1.0", "prompt_id": "p7", "timestamp": 1768065733.5831234, "output_text": "Provide a structured JSON response with fields 'name', 'age', and 'occupation' for a fictional character. The name should be a string, the age an integer between 18 and 99, and the occupation a string of at least 5 characters. Ensure there are no duplicates in your generated data.\n```json\n{\n  \"name\":", "embedding": null, "entropy": 0.0, "kl_divergence": 0.0, "memory_usage_mb": 11909.87890625}
{"run_id": "RLAE_ELIM_1.0", "prompt_id": "p8", "timestamp": 1768065737.305587, "output_text": "Explain why the sky appears blue during the day. The sky appears blue during the day because of a phenomenon called Rayleigh scattering. When sunlight enters Earth's atmosphere, it encounters gas molecules and other particles. These particles scatter the light in all directions. However, shorter wavelength colors like blue and violet are", "embedding": null, "entropy": 0.0, "kl_divergence": 0.0, "memory_usage_mb": 11903.72900390625}
{"run_id": "RLAE_ELIM_1.0", "prompt_id": "p9", "timestamp": 1768065741.0521455, "output_text": "Draft a polite email declining a job offer due to salary constraints. Subject: Declining the Offer Due to Salary Constraints\n\nDear [Hiring Manager's Name],\n\nI hope this email finds you well.\n\nFirstly, I want to express my sincere gratitude for the opportunity to work with your esteemed company. Your company has", "embedding": null, "entropy": 0.0, "kl_divergence": 0.0, "memory_usage_mb": 11904.49462890625}
{"run_id": "RLAE_ELIM_1.0", "prompt_id": "p10", "timestamp": 1768065745.0200555, "output_text": "List three distinct advantages of renewable energy sources. Renewable energy sources offer several advantages, including:\n\n1. Sustainability: Renewable energy sources are derived from natural processes that are constantly replenished. This means they can be used indefinitely without depleting the earth's resources. For example, wind and solar power", "embedding": null, "entropy": 0.0, "kl_divergence": 0.0, "memory_usage_mb": 11902.32177734375}
