{"run_id": "ITER_0", "prompt_id": "p1", "timestamp": 1767688572.1105318, "output_text": "Explain the concept of 'entropy' in information theory clearly and concisely. Entropy in information theory quantifies the uncertainty or randomness associated with a set of possible messages or outcomes", "embedding": null, "entropy": 0.0, "kl_divergence": null, "memory_usage_mb": 5902.119140625}
{"run_id": "ITER_0", "prompt_id": "p2", "timestamp": 1767688573.5553696, "output_text": "Write a short Python function to calculate the Fibonacci sequence up to n terms. The function should take an integer as input and return a list of Fibonacci numbers.\n\nYour code should pass", "embedding": null, "entropy": 0.0, "kl_divergence": null, "memory_usage_mb": 5902.119140625}
{"run_id": "ITER_0", "prompt_id": "p3", "timestamp": 1767688574.9360988, "output_text": "What are the primary ethical concerns regarding autonomous vehicles? Autonomous vehicles (AVs) raise a range of ethical concerns that go beyond technical and legal issues.", "embedding": null, "entropy": 0.0, "kl_divergence": null, "memory_usage_mb": 5902.119140625}
