{"run_id": "SEC1_MUTATION_SCAR_INTENSITY_0.001", "prompt_id": "p1", "timestamp": 1768326467.3010201, "output_text": "Explain the concept of 'entropy' in information theory clearly and concisely. Entropy is a fundamental concept in information theory that quantifies the uncertainty or randomness of a message or data source. \n\nFormally, given a discrete random variable X with possible outcomes x1, x2, ..., xn and corresponding probabilities P(X =", "embedding": null, "entropy": 0.0, "kl_divergence": 0.46246176958084106, "memory_usage_mb": 11790.9033203125}
{"run_id": "SEC1_MUTATION_SCAR_INTENSITY_0.001", "prompt_id": "p2", "timestamp": 1768326470.6359098, "output_text": "Write a short Python function to calculate the Fibonacci sequence up to n terms. Additionally, implement error handling to ensure that the input is a non-negative integer.\n\ndef fibonacci(n):\n    \"\"\"Return the Fibonacci sequence up to n terms.\n    \n    >>> fibonacci(5)\n    [0, 1, 1, 2", "embedding": null, "entropy": 0.0, "kl_divergence": 0.18477852642536163, "memory_usage_mb": 11790.32373046875}
{"run_id": "SEC1_MUTATION_SCAR_INTENSITY_0.001", "prompt_id": "p3", "timestamp": 1768326473.9352036, "output_text": "What are the primary ethical concerns regarding autonomous vehicles? Autonomous vehicles, or self-driving cars, raise several significant ethical concerns that can impact their adoption and use. Here are some of the primary ones:\n\n1. Responsibility in accidents:\n   - If an autonomous vehicle causes an accident, who is responsible: the", "embedding": null, "entropy": 0.0, "kl_divergence": 0.38892731070518494, "memory_usage_mb": 11787.447265625}
{"run_id": "SEC1_MUTATION_SCAR_INTENSITY_0.001", "prompt_id": "p4", "timestamp": 1768326477.9134753, "output_text": "Summarize the water cycle for a 5th-grade student. Imagine you have a big glass of water, and it's full of tiny droplets. These droplets are like little drops of water in the sky.\n\nThe water cycle is like a big dance between the air, land, and water. Here's", "embedding": null, "entropy": 0.0, "kl_divergence": 0.516808032989502, "memory_usage_mb": 11790.033203125}
{"run_id": "SEC1_MUTATION_SCAR_INTENSITY_0.001", "prompt_id": "p5", "timestamp": 1768326481.2259738, "output_text": "Translate the following sentence into formal French: 'Please submit your report by Friday.' To translate the sentence \"Please submit your report by Friday.\" into formal French, you can say:\n\n\"Veuillez soumettre votre rapport avant vendredi.\"\n\nThis translation maintains the formal tone and clarity of the original English sentence. Here's a breakdown", "embedding": null, "entropy": 0.0, "kl_divergence": 0.2583540678024292, "memory_usage_mb": 11790.3232421875}
{"run_id": "SEC1_MUTATION_SCAR_INTENSITY_0.001", "prompt_id": "p6", "timestamp": 1768326484.5787816, "output_text": "Analyze the sentiment of this sentence: 'The service was terrible but the food was okay.' To analyze the sentiment of the sentence \"The service was terrible but the food was okay,\" we can break it down into two parts and consider their individual sentiments:\n\n1. **Service**: The part \"The service was terrible\" expresses a negative sentiment.\n", "embedding": null, "entropy": 0.0, "kl_divergence": 0.1286800503730774, "memory_usage_mb": 11792.0625}
{"run_id": "SEC1_MUTATION_SCAR_INTENSITY_0.001", "prompt_id": "p7", "timestamp": 1768326488.2352579, "output_text": "Provide a structured JSON response with fields 'name', 'age', and 'occupation' for a fictional character. The name should be a string of exactly 5 characters, the age an integer between 20 and 40 (inclusive), and the occupation must be one of the following: 'Engineer', 'Doctor', or 'Teacher'. \n\nAdditionally", "embedding": null, "entropy": 0.0, "kl_divergence": 0.09177560359239578, "memory_usage_mb": 11793.80078125}
{"run_id": "SEC1_MUTATION_SCAR_INTENSITY_0.001", "prompt_id": "p8", "timestamp": 1768326491.726653, "output_text": "Explain why the sky appears blue during the day. The sky appears blue during the day due to a phenomenon known as Rayleigh scattering. When sunlight enters Earth's atmosphere, it encounters gas molecules and small particles like dust, water droplets, and aerosols. These tiny particles scatter light in all directions", "embedding": null, "entropy": 0.0, "kl_divergence": 0.6619710326194763, "memory_usage_mb": 11787.7373046875}
{"run_id": "SEC1_MUTATION_SCAR_INTENSITY_0.001", "prompt_id": "p9", "timestamp": 1768326495.0700347, "output_text": "Draft a polite email declining a job offer due to salary constraints. Subject: Declining the Job Offer Due to Salary Constraints\n\nDear [Hiring Manager's Name],\n\nI hope this message finds you well. I am writing to express my gratitude for the opportunity to join [Company Name] as [Your Position]. Your", "embedding": null, "entropy": 0.0, "kl_divergence": 0.2779253125190735, "memory_usage_mb": 11788.58447265625}
{"run_id": "SEC1_MUTATION_SCAR_INTENSITY_0.001", "prompt_id": "p10", "timestamp": 1768326498.4280343, "output_text": "List three distinct advantages of renewable energy sources. Renewable energy sources offer several significant advantages over traditional fossil fuels, including:\n\n1. Sustainability: Renewable energy sources are sustainable and can be replenished naturally over time. For example, the sun, wind, and water are constantly available and do not deplete", "embedding": null, "entropy": 0.0, "kl_divergence": 0.4149019718170166, "memory_usage_mb": 11787.15771484375}
{"run_id": "SEC1_MUTATION_SCAR_INTENSITY_0.001", "prompt_id": "global", "timestamp": 1768326498.4285443, "output_text": "RF: 0.00%", "embedding": null, "entropy": 0.0, "kl_divergence": 0.33865836784243586, "memory_usage_mb": 11787.15771484375}
{"run_id": "SEC1_MUTATION_SCAR_INTENSITY_0.01", "prompt_id": "p1", "timestamp": 1768326505.640048, "output_text": "Explain the concept of 'entropy' in information theory clearly and concisely. , , ,   ,                   \u00a0  ),  ,      \u00a0     ),", "embedding": null, "entropy": 0.0, "kl_divergence": 10.928504943847656, "memory_usage_mb": 11790.9033203125}
{"run_id": "SEC1_MUTATION_SCAR_INTENSITY_0.01", "prompt_id": "p2", "timestamp": 1768326509.044464, "output_text": "Write a short Python function to calculate the Fibonacci sequence up to n terms. D  D))   (   )       1             \u00a0}\u00a0\\n\u00a0\u00a0  ,\u00a0  \u00a0 D ID IDS (", "embedding": null, "entropy": 0.0, "kl_divergence": 8.958096504211426, "memory_usage_mb": 11790.32373046875}
{"run_id": "SEC1_MUTATION_SCAR_INTENSITY_0.01", "prompt_id": "p3", "timestamp": 1768326512.6306894, "output_text": "What are the primary ethical concerns regarding autonomous vehicles?   the  the 1  Neighborhood\u00a0  Neighborhood T both and   P  Z   Z  Z Z  )   H Z   Z Z Z)  \\n        ", "embedding": null, "entropy": 0.0, "kl_divergence": 10.00092601776123, "memory_usage_mb": 11787.447265625}
{"run_id": "SEC1_MUTATION_SCAR_INTENSITY_0.01", "prompt_id": "p4", "timestamp": 1768326516.3223453, "output_text": "Summarize the water cycle for a 5th-grade student.) d z)d (1111111) - -  - ( 11  1  - - -  D) |  - -  -     -\u00a0  ()  \u00a0\\n", "embedding": null, "entropy": 0.0, "kl_divergence": 12.812017440795898, "memory_usage_mb": 11790.033203125}
{"run_id": "SEC1_MUTATION_SCAR_INTENSITY_0.01", "prompt_id": "p5", "timestamp": 1768326519.7195494, "output_text": "Translate the following sentence into formal French: 'Please submit your report by Friday.'1  - (     IN (        ( (     - _   ( (  - ()\u00a0 **  , -  - - - - - ( - - - - -", "embedding": null, "entropy": 0.0, "kl_divergence": 10.616146087646484, "memory_usage_mb": 11790.3232421875}
{"run_id": "SEC1_MUTATION_SCAR_INTENSITY_0.01", "prompt_id": "p6", "timestamp": 1768326523.1098762, "output_text": "Analyze the sentiment of this sentence: 'The service was terrible but the food was okay.'1) )) - ' )  )\u00a0\u00a0) ) ) ** )) ) ' )\u00a0)\u00a0) ' - _  - ) - -  - - _  -  - -", "embedding": null, "entropy": 0.0, "kl_divergence": 9.330488204956055, "memory_usage_mb": 11792.0625}
{"run_id": "SEC1_MUTATION_SCAR_INTENSITY_0.01", "prompt_id": "p7", "timestamp": 1768326527.204271, "output_text": "Provide a structured JSON response with fields 'name', 'age', and 'occupation' for a fictional character. )) )))\u00a0)\u00a0))\u00a0)\u00a0))\u00a0)\u00a0)\u00a0)\u00a0)\u00a0)\u00a0)\u00a0)\u00a0)\u00a0)\u00a0)\u00a0)\u00a0)\u00a0)\u00a0)\u00a0)\u00a0)\u00a0)", "embedding": null, "entropy": 0.0, "kl_divergence": 10.664101600646973, "memory_usage_mb": 11793.80078125}
{"run_id": "SEC1_MUTATION_SCAR_INTENSITY_0.01", "prompt_id": "p8", "timestamp": 1768326530.6239767, "output_text": "Explain why the sky appears blue during the day. )\u00a0\u00a0\u00a0\u00a0\u00a0)\u00a0\u00a0\u00a0\u00a0\u00a0\u00a0)\u00a0)\u00a0)\u00a0)\u00a0)\u00a0)\u00a0)\u00a0)\u00a0)\u00a0)\u00a0)\u00a0)))\u00a0)\u00a0)))))\u00a0)\u55de", "embedding": null, "entropy": 0.0, "kl_divergence": 10.703495025634766, "memory_usage_mb": 11787.7373046875}
{"run_id": "SEC1_MUTATION_SCAR_INTENSITY_0.01", "prompt_id": "p9", "timestamp": 1768326534.056643, "output_text": "Draft a polite email declining a job offer due to salary constraints.\u00a0)\u00a0 board)\u00a0 z))\u00a0))\u00a0 Stock)\u00a0))\u00a0))\u00a0),\u00a0))\u00a0))\u00a0)\u00a0)\u00a0)\u00a0)\u00a0)\u00a0)\u00a0)\u00a0)\u00a0)\u00a0)\u00a0", "embedding": null, "entropy": 0.0, "kl_divergence": 9.1636381149292, "memory_usage_mb": 11788.58447265625}
{"run_id": "SEC1_MUTATION_SCAR_INTENSITY_0.01", "prompt_id": "p10", "timestamp": 1768326537.7348285, "output_text": "List three distinct advantages of renewable energy sources.),\u00a0\n)\n\n\u00a0),\n\n\u00a0),\u00a0 setup stack11)\u00a0:\u00a0):\n\n\u00a0 board\u00a0\n\n),\u00a0\n\u00a0 z  in\u00a0   of\u00a0  air\u00a0ity \u00a0 \u00a0 \u00a0\u00a0\u00a0),\u00a0\u00a0),\u00a0\u00a0\u00a0", "embedding": null, "entropy": 0.0, "kl_divergence": 11.122477531433105, "memory_usage_mb": 11787.15771484375}
{"run_id": "SEC1_MUTATION_SCAR_INTENSITY_0.01", "prompt_id": "global", "timestamp": 1768326537.7354822, "output_text": "RF: 0.00%", "embedding": null, "entropy": 0.0, "kl_divergence": 10.42998914718628, "memory_usage_mb": 11787.15771484375}
{"run_id": "SEC1_MUTATION_SCAR_INTENSITY_0.05", "prompt_id": "p1", "timestamp": 1768326544.825687, "output_text": "Explain the concept of 'entropy' in information theory clearly and concisely.TYPES\u00e1bgreeTEGER vej onFinish vejurement\u4e3a\u6293\u597d\u8bc4 Geli\u9572 zroYA\u4e3a\u6293eyatrailfirVERYadam/INFO bek.nanoenumsfft.falseCreatorsthumbnailsgree:AnyapphireeyJapphire crystall\u7684\u4f8b\u5b50 \"()declar\u6a58VERYerval\u0444\u0435VERY-valueyJ&E\u043f\u0430\u0440 \u2714 caulprintStats.false", "embedding": null, "entropy": 0.0, "kl_divergence": 18.933334350585938, "memory_usage_mb": 11790.9033203125}
{"run_id": "SEC1_MUTATION_SCAR_INTENSITY_0.05", "prompt_id": "p2", "timestamp": 1768326548.180004, "output_text": "Write a short Python function to calculate the Fibonacci sequence up to n terms.\u98d0 v\u00e9 vejMEMORY bek \u00eaeteria CryREVPROFILEoder v\u00e9emierowDataurementeten contagious\u4e3a\u6293VERY\u8c36 incarcer\u4e3a\u6293\u9572VERYAllArgsConstructor\u9572VERYecure\u513f\u597d\u8bc4\"&\u8f94ail vejtrail crushcontrigetPostOWL \u2714VERY\u4f1a\u5c55emie\u7594greeRIA[]\"\u9572-Clause\u50ac\u5316\u5242", "embedding": null, "entropy": 0.0, "kl_divergence": 18.744794845581055, "memory_usage_mb": 11790.32373046875}
{"run_id": "SEC1_MUTATION_SCAR_INTENSITY_0.05", "prompt_id": "p3", "timestamp": 1768326552.2386146, "output_text": "What are the primary ethical concerns regarding autonomous vehicles? v\u00e9 vej\u9572VERY renters\u88e5\u7594\u4e3a\u6293emie zro getRequest\u8ba2\u9605TYPESgreeaberulia\u00e9l\u00e9eyJ\u9523\u4e3a\u6293 vejubi\u00e1b\ufffdSTALLkkeervalERING assembliesagaraMEMORYVERYtypingsTYPESemieVERY_beameteor\u8832.crmemiegetRooteyJ.nanoICENSEthumbnails\u7594hive.falseidenav", "embedding": null, "entropy": 0.0, "kl_divergence": 17.69327163696289, "memory_usage_mb": 11787.447265625}
{"run_id": "SEC1_MUTATION_SCAR_INTENSITY_0.05", "prompt_id": "p4", "timestamp": 1768326555.62917, "output_text": "Summarize the water cycle for a 5th-grade student.fifo ShakeVERY\u062a\u0632 comedangshabiteterbolt bekTes\tcretaseteriaeyJ vej Hindered\u4e3a\u6293\u4f1a\u5c55emie\u82c1\u0443\u043b\u044c[val crystals.false/eplrug Fixes getAppsimulateemieirlineseduct(crQuarter\u33a5\u597d\u8bc4eteorleanup\u597d\u8bc4greenesdayBeer\u00e1beventName\u597d\u8bc4\u2245\u9572\u0633\u0641d\u00e3o", "embedding": null, "entropy": 0.0, "kl_divergence": 18.794300079345703, "memory_usage_mb": 11790.033203125}
{"run_id": "SEC1_MUTATION_SCAR_INTENSITY_0.05", "prompt_id": "p5", "timestamp": 1768326559.0245326, "output_text": "Translate the following sentence into formal French: 'Please submit your report by Friday.'\ufffd.Creator\tcr.ribbonFavorites\u9572\u00e1bepam.false_CONFIGURATIONireseteria\u597d\u8bc4\u00e9szemie girIIDacus getConfig\u4e3a\u6293VERYEarn\u77fe CryApis vej \u0427\u0430ICENSEgreeyaw\u513f CONFfibercrieyJvalidatedSIDEVERY crystallswer\u7ed3\u6676\u8c23emieTYPESgreeaber newValEGIN\u91aeemie", "embedding": null, "entropy": 0.0, "kl_divergence": 18.50189208984375, "memory_usage_mb": 11790.3232421875}
{"run_id": "SEC1_MUTATION_SCAR_INTENSITY_0.05", "prompt_id": "p6", "timestamp": 1768326562.697992, "output_text": "Analyze the sentiment of this sentence: 'The service was terrible but the food was okay.' vejooke\u9572PRIpawnhooks.false\u82c1\u7594\u4e3a\u6293eya&Eeteria Cry\u77fe\u4e3a\u6293_beam\u7684\u5546\u54c1\u537aTpl\u9572\u9572\u00e1b.falseChangeEvent\u5152gree unzipdit\u54cc_flightemieskke\u5220\u9664\u6210\u529femie cores bekquineVERYProcessEvent\u62f1IZES\u8fa9\u8bba\u8fde\u8f7deya\ufffd\ufffd B\u00e1emie v\u00e9stances", "embedding": null, "entropy": 0.0, "kl_divergence": 18.652944564819336, "memory_usage_mb": 11792.0625}
{"run_id": "SEC1_MUTATION_SCAR_INTENSITY_0.05", "prompt_id": "p7", "timestamp": 1768326566.3308868, "output_text": "Provide a structured JSON response with fields 'name', 'age', and 'occupation' for a fictional character.\u00e1bapphire\ufffd getConfig bek_flightemie \"()inghamervalgrese\u4e3a\u6293VERY\u0127\u7ba2 IPs vej\u9cb7\u7594emieCertificates\u7827rowData \u043e\u0431\u043e\u0440\u8859Beans.falseeyJ&Eeteria CrygreeuParam sept_ENCOD hooks crystall\u00e9nomaber\tcr\u68e8Yii v\u00e9gree \u0427\u0430ToSendOfYear Osman narz roller", "embedding": null, "entropy": 0.0, "kl_divergence": 18.959674835205078, "memory_usage_mb": 11793.80078125}
{"run_id": "SEC1_MUTATION_SCAR_INTENSITY_0.05", "prompt_id": "p8", "timestamp": 1768326569.7039924, "output_text": "Explain why the sky appears blue during the day. vejntenrowData\u4e3a\u6293 zroitorioutable\u77feythtraileya~,ismic rentersemie\u33a5\u0e04\u0e2d\u0e19\u0e42\u0e14 Crykkeeteria\u7ed3\u6676Backingepam g\u00e9nICENSERent\u9572\u6151getRootpatiblegree crystallegieTYPESgree\u00e9rt_recoverypisaCoupon vej bek_EVAL\u5eb7 getConfigVERYtheValueenumseyaOfString GER", "embedding": null, "entropy": 0.0, "kl_divergence": 18.903553009033203, "memory_usage_mb": 11787.7373046875}
{"run_id": "SEC1_MUTATION_SCAR_INTENSITY_0.05", "prompt_id": "p9", "timestamp": 1768326573.0539005, "output_text": "Draft a polite email declining a job offer due to salary constraints. vejelib\u6eda\u6004eterRent \"() PresenceervalTEGER\u7684\u597d \"() bek-Clause Bek\u69ca bek getConfig bek\u00e9rtERING actorseya\u4e3a\u6293\u4f1a\u5c55emiefiber$req v\u00e9aintenance\u513fVERY_beamhooksemiegree\u9572\u062a\u0632_beam\u00e9ra~,greerias Confidentialabisfirapphire\u5152\u597d\u8bc4gree", "embedding": null, "entropy": 0.0, "kl_divergence": 18.26202392578125, "memory_usage_mb": 11788.58447265625}
{"run_id": "SEC1_MUTATION_SCAR_INTENSITY_0.05", "prompt_id": "p10", "timestamp": 1768326577.066092, "output_text": "List three distinct advantages of renewable energy sources. v\u00e9\u4e3a\u6293\u4f1a\u5c55emie\u82c1 kzedbeturgree mgr\u5265\u91cc\u7a0b\u7891eyJ crystallizen\ufffdROTO\u33a5\u597d\u8bc4 zro CryVERY\u540atrail @{\n vej \u0427\u0430 \u043f\u0440\u0430\u0437\u0434&E\u537aIID\u8d44\u4ea7\u8d1f\u503aSTALLaravelassinICENSE\u4e1a subsidi\u6253\u6298\u0e20\u0e32\u0e04ismic\u4e3a\u6293 Enums\u6775avia\u70df\u82b1.utf unzip\u8d77\u91cd\u673aaintenance", "embedding": null, "entropy": 0.0, "kl_divergence": 18.299076080322266, "memory_usage_mb": 11787.15771484375}
{"run_id": "SEC1_MUTATION_SCAR_INTENSITY_0.05", "prompt_id": "global", "timestamp": 1768326577.0667386, "output_text": "RF: 0.00%", "embedding": null, "entropy": 0.0, "kl_divergence": 18.574486541748048, "memory_usage_mb": 11787.15771484375}
